﻿<?xml version="1.0" encoding="utf-8"?>
<SegmentSettings xmlns:xsi="http://www.w3.org/2001/XMLSchema-instance" xmlns:xsd="http://www.w3.org/2001/XMLSchema" xmlns="http://www.codeplex.com/">
  <DictionaryPath>Dict\KWOW</DictionaryPath>
  <MatchOptions>    
    <ChineseNameIdentify>true</ChineseNameIdentify>
    <FrequencyFirst>false</FrequencyFirst>
    <MultiDimensionality>true</MultiDimensionality>
    <EnglishMultiDimensionality>false</EnglishMultiDimensionality>
    <FilterStopWords>true</FilterStopWords>
    <IgnoreSpace>true</IgnoreSpace>
    <ForceSingleWord>false</ForceSingleWord>
    <TraditionalChineseEnabled>true</TraditionalChineseEnabled>
    <OutputSimplifiedTraditional>true</OutputSimplifiedTraditional>
    <UnknownWordIdentify>true</UnknownWordIdentify>
    <FilterEnglish>false</FilterEnglish>
    <FilterNumeric>false</FilterNumeric>
    <IgnoreCapital>false</IgnoreCapital>
    <EnglishSegment>true</EnglishSegment>
    <SynonymOutput>false</SynonymOutput>
    <WildcardOutput>false</WildcardOutput>
    <WildcardSegment>false</WildcardSegment>
    <CustomRule>false</CustomRule>
  </MatchOptions>
  <Parameters>
    <UnknowRank>1</UnknowRank>
    <BestRank>5</BestRank>
    <SecRank>3</SecRank>
    <ThirdRank>2</ThirdRank>
    <SingleRank>1</SingleRank>
    <NumericRank>1</NumericRank>
    <EnglishRank>5</EnglishRank>
    <EnglishLowerRank>3</EnglishLowerRank>
    <EnglishStemRank>2</EnglishStemRank>
    <SymbolRank>1</SymbolRank>
    <SimplifiedTraditionalRank>1</SimplifiedTraditionalRank>
    <SynonymRank>1</SynonymRank>
    <WildcardRank>1</WildcardRank>
    <FilterEnglishLength>0</FilterEnglishLength>
    <FilterNumericLength>0</FilterNumericLength>
    <CustomRuleAssemblyFileName />
    <CustomRuleFullClassName />
    <Redundancy>0</Redundancy>
  </Parameters> 
</SegmentSettings>